<?xml version="1.0" encoding="UTF-8"?>
<project-private xmlns="http://www.netbeans.org/ns/project-private/1">
    <editor-bookmarks xmlns="http://www.netbeans.org/ns/editor-bookmarks/2" lastBookmarkId="0"/>
    <open-files xmlns="http://www.netbeans.org/ns/projectui-open-files/2">
        <group>
            <file>file:/C:/Users/anabe/Downloads/JavaFXApplication1/src/com/mycompany/swapnutri/view/RefeicoesDiariasScreen.java</file>
            <file>file:/C:/Users/anabe/Downloads/JavaFXApplication1/src/com/mycompany/swapnutri/services/AlimentoService.java</file>
            <file>file:/C:/Users/anabe/Downloads/JavaFXApplication1/src/com/mycompany/swapnutri/models/Alimento.java</file>
            <file>file:/C:/Users/anabe/Downloads/JavaFXApplication1/src/com/mycompany/swapnutri/view/LoginScreen.java</file>
            <file>file:/C:/Users/anabe/Downloads/JavaFXApplication1/src/com/mycompany/swapnutri/view/CalculadoraScreen.java</file>
            <file>file:/C:/Users/anabe/Downloads/JavaFXApplication1/src/com/mycompany/swapnutri/dao/AlimentoDAO.java</file>
            <file>file:/C:/Users/anabe/Downloads/JavaFXApplication1/src/com/mycompany/swapnutri/view/CadastroScreen.java</file>
            <file>file:/C:/Users/anabe/Downloads/JavaFXApplication1/src/com/mycompany/swapnutri/view/MainApp.java</file>
        </group>
    </open-files>
</project-private>
